AatII,GACGTC
Acc65I,GGTACC
AciI,CCGC
AclI,AACGTT
AcuI,CTGAAG
AfeI,AGCGCT
AflII,CTTAAG
AgeI-HF®,ACCGGT
AluI,AGCT
AlwI,GGATC
ApaI,GGGCCC
ApaLI,GTGCAC
AscI,GGCGCGCC
AseI,ATTAAT
AsiSI,GCGATCGC
AvrII,CCTAGG
BamHI ,GGATCC
BbsI ,GAAGAC
BbvCI,CCTCAGC
BbvI,GCAGC
BccI,CCATC
BceAI,ACGGC
BciVI,GTATCC
BclI ,TGATCA
BcoDI,GTCTC
BfaI,CTAG
BfuAI,ACCTGC
BglII,AGATCT
BmgBI,CACGTC
BmrI,ACTGGG
BmtI ,GCTAGC
BpmI,CTGGAG
BpuEI,CTTGAG
BsaI-HF®v2,GGTCTC
BseRI,GAGGAG
BseYI,CCCAGC
BsgI,GTGCAG
BsiWI §,CGTACG
BsiWI-HF®,CGTACG
BsmAI,GTCTC
BsmBI-v2,CGTCTC
BsmFI,GGGAC
BsmI,GAATGC
BspCNI,CTCAG
BspDI,ATCGAT
BspEI,TCCGGA
BspHI,TCATGA
BspMI,ACCTGC
BspQI,GCTCTTC
BsrBI,CCGCTC
BsrDI,GCAATG
BsrGI §,TGTACA
BsrGI-HF®,TGTACA
BsrI,ACTGG
BssHII,GCGCGC
BssSI-v2,CACGAG
BstBI,TTCGAA
BstUI,CGCG
BstZ17I-HF®,GTATAC
BtgZI,GCGATG
BtsCI,GGATG
BtsIMutI,CAGTG
BtsI-v2,GCAGTG
ClaI,ATCGAT
CviAII,CATG
CviQI,GTAC
DpnI,GATC
DpnII,GATC
DraI,TTTAAA
EagI-HF®,CGGCCG
EarI,CTCTTC
EciI,GGCGGA
Eco53kI,GAGCTC
EcoP15I,CAGCAG
EcoRI ,GAATTC
EcoRV §,GATATC
EcoRV-HF®,GATATC
Esp3I,CGTCTC
FatI,CATG
FauI,CCCGC
FokI,GGATG
FseI,GGCCGGCC
FspI,TGCGCA
HaeIII,GGCC
HgaI,GACGC
HhaI,GCGC
HindIII ,AAGCTT
HinP1I,GCGC
HpaI,GTTAAC
HpaII,CCGG
HphI,GGTGA
HpyAV,CCTTC
HpyCH4IV,ACGT
HpyCH4V,TGCA
KasI,GGCGCC
KpnI-HF®,GGTACC
MboI,GATC
MboII,GAAGA
MfeI-HF®,CAATTG
MluCI,AATT
MluI §,ACGCGT
MluI-HF®,ACGCGT
MlyI,GAGTC
MnlI,CCTC
MscI,TGGCCA
MseI,TTAA
MspI,CCGG
NaeI,GCCGGC
NarI,GGCGCC
Nb.BbvCI,CCTCAGC
Nb.BsmI,GAATGC
Nb.BsrDI,GCAATG
Nb.BssSI,CACGAG
Nb.BtsI,GCAGTG
NcoI §,CCATGG
NcoI-HF®,CCATGG
NdeI,CATATG
NgoMIV,GCCGGC
NheI-HF®,GCTAGC
NlaIII,CATG
NmeAIII,GCCGAG
NotI §,GCGGCCGC
NotI-HF®,GCGGCCGC
NruI §,TCGCGA
NruI-HF®,TCGCGA
NsiI §,ATGCAT
NsiI-HF®,ATGCAT
Nt.AlwI,GGATC
Nt.BbvCI,CCTCAGC
Nt.BsmAI,GTCTC
Nt.BspQI,GCTCTTC
Nt.BstNBI,GAGTC
PacI,TTAATTAA
PaeR7I,CTCGAG
PciI,ACATGT
PleI,GAGTC
PluTI,GGCGCC
PmeI,GTTTAAAC
PmlI,CACGTG
PsiI-v2,TTATAA
PspOMI,GGGCCC
PstI §,CTGCAG
PstI-HF®,CTGCAG
PvuI §,CGATCG
PvuI-HF®,CGATCG
PvuII §,CAGCTG
PvuII-HF®,CAGCTG
RsaI,GTAC
SacI-HF®,GAGCTC
SacII,CCGCGG
SalI §,GTCGAC
SalI-HF®,GTCGAC
SapI,GCTCTTC
Sau3AI,GATC
SbfI-HF®,CCTGCAGG
ScaI-HF®,AGTACT
SfaNI,GCATC
SfoI,GGCGCC
SmaI,CCCGGG
SnaBI,TACGTA
SpeI-HF®,ACTAGT
SphI §,GCATGC
SphI-HF®,GCATGC
SrfI,GCCCGGGC
SspI §,AATATT
SspI-HF®,AATATT
StuI,AGGCCT
SwaI,ATTTAAAT
TaqI-v2,TCGA
TspMI,CCCGGG
XbaI,TCTAGA
XhoI,CTCGAG
XmaI,CCCGGG
ZraI,GACGTC